{"0x8cdf9dbc1120": {"vlans": {"1": "default", "69": "", "123": "", "390": "", "567": "", "788": "", "789": "", "888": "", "1001": "", "1002": "", "1003": "", "1004": "", "1005": "", "4093": ""}, "config": [{"vlan": 69, "port_id": 16842752, "mode": "trunk", "port_name": "Modem-1"}, {"vlan": 390, "port_id": 16842752, "mode": "trunk", "port_name": "Modem-1"}, {"vlan": 788, "port_id": 16842752, "mode": "trunk", "port_name": "Modem-1"}, {"vlan": 789, "port_id": 16842752, "mode": "trunk", "port_name": "Modem-1"}, {"vlan": 888, "port_id": 16842752, "mode": "trunk", "port_name": "Modem-1"}, {"vlan": 1, "port_id": 25231360, "mode": "trunk", "port_name": "Modem-2"}, {"vlan": 1, "port_id": 33619968, "mode": "trunk", "port_name": "Modem-3"}, {"vlan": 1, "port_id": 42008576, "mode": "trunk", "port_name": "Modem-4"}, {"vlan": 69, "port_id": 142671872, "mode": "trunk", "port_name": "Ethernet_0/1"}, {"vlan": 390, "port_id": 142671872, "mode": "trunk", "port_name": "Ethernet_0/1"}, {"vlan": 567, "port_id": 142671872, "mode": "trunk", "port_name": "Ethernet_0/1"}, {"vlan": 888, "port_id": 142671872, "mode": "trunk", "port_name": "Ethernet_0/1"}, {"vlan": 1001, "port_id": 142671872, "mode": "trunk", "port_name": "Ethernet_0/1"}, {"vlan": 1002, "port_id": 142671872, "mode": "trunk", "port_name": "Ethernet_0/1"}, {"vlan": 1003, "port_id": 142671872, "mode": "trunk", "port_name": "Ethernet_0/1"}, {"vlan": 1004, "port_id": 142671872, "mode": "trunk", "port_name": "Ethernet_0/1"}, {"vlan": 1005, "port_id": 142671872, "mode": "trunk", "port_name": "Ethernet_0/1"}, {"vlan": 788, "port_id": 142737408, "mode": "trunk", "port_name": "Ethernet_0/2"}, {"vlan": 789, "port_id": 142737408, "mode": "trunk", "port_name": "Ethernet_0/2"}, {"vlan": 1001, "port_id": 142737408, "mode": "trunk", "port_name": "Ethernet_0/2"}, {"vlan": 1002, "port_id": 142737408, "mode": "trunk", "port_name": "Ethernet_0/2"}, {"vlan": 1003, "port_id": 142737408, "mode": "trunk", "port_name": "Ethernet_0/2"}, {"vlan": 1004, "port_id": 142737408, "mode": "trunk", "port_name": "Ethernet_0/2"}, {"vlan": 1005, "port_id": 142737408, "mode": "trunk", "port_name": "Ethernet_0/2"}, {"vlan": 4093, "port_id": 142802944, "mode": "trunk", "port_name": "Ethernet_0/3"}, {"vlan": 1, "port_id": 142868480, "mode": "access", "port_name": "Ethernet_0/4"}, {"vlan": 1, "port_id": 142934016, "mode": "access", "port_name": "Ethernet_0/5"}, {"vlan": 1, "port_id": 142999552, "mode": "access", "port_name": "Ethernet_0/6"}, {"vlan": 1, "port_id": 143065088, "mode": "access", "port_name": "Ethernet_0/7"}, {"vlan": 1, "port_id": 143130624, "mode": "access", "port_name": "Ethernet_0/8"}]}, "0x8cdf9d4efe40": {"vlans": {"1": "default", "15": "OME-JRE_test_V1", "30": "OMA-JRE_test_V2", "100": "test", "200": "test1", "351": "Snmp-351", "352": "Snmp-352", "600": "Silas-Test-1", "700": "736e6d702d74657374", "3552": "Snmp-352"}, "config": [{"vlan": 700, "port_id": 8454144, "mode": "trunk", "port_name": "Ethernet_0/1"}, {"vlan": 352, "port_id": 8519680, "mode": "trunk", "port_name": "Ethernet_0/2"}, {"vlan": 1, "port_id": 8585216, "mode": "access", "port_name": "Ethernet_0/3"}, {"vlan": 1, "port_id": 8650752, "mode": "access", "port_name": "Ethernet_0/4"}, {"vlan": 100, "port_id": 16842752, "mode": "trunk", "port_name": "Modem-1"}, {"vlan": 200, "port_id": 16842752, "mode": "trunk", "port_name": "Modem-1"}, {"vlan": 1, "port_id": 25231360, "mode": "trunk", "port_name": "Modem-2"}, {"vlan": 100, "port_id": 33619968, "mode": "trunk", "port_name": "Ethernet_3/1"}, {"vlan": 600, "port_id": 33619968, "mode": "access", "port_name": "Ethernet_3/1"}, {"vlan": 200, "port_id": 33685504, "mode": "trunk", "port_name": "Ethernet_3/2"}, {"vlan": 1, "port_id": 33751040, "mode": "access", "port_name": "Ethernet_3/3"}, {"vlan": 1, "port_id": 33816576, "mode": "access", "port_name": "Ethernet_3/4"}]}}