{"nodes": [{"id": "0x346ac21d93b9", "group": "4"}, {"id": "0x346ac25f1b5c", "group": "4"}, {"id": "0x2c9d1e5d81a9", "group": "4"}, {"id": "0x2c9d1e5ada05", "group": "4"}, {"id": "0x8cdf9d4efe40", "group": "3"}, {"id": "0x8cdf9dbc1120", "group": "3"}], "links": [{"source": "0x346ac21d93b9", "target": "0x8cdf9d4efe40"}, {"source": "0x346ac21d93b9", "target": "0x8cdf9dbc1120"}, {"source": "0x346ac21d93b9", "target": "0x346ac25f1b5c"}, {"source": "0x346ac21d93b9", "target": "0x346ac25f1b5c"}, {"source": "0x346ac25f1b5c", "target": "0x8cdf9d4efe40"}, {"source": "0x346ac25f1b5c", "target": "0x8cdf9dbc1120"}, {"source": "0x346ac25f1b5c", "target": "0x346ac21d93b9"}, {"source": "0x346ac25f1b5c", "target": "0x346ac21d93b9"}, {"source": "0x8cdf9d4efe40", "target": "0x8cdf9dbc1120"}, {"source": "0x8cdf9d4efe40", "target": "0x346ac25f1b5c"}, {"source": "0x8cdf9d4efe40", "target": "0x346ac21d93b9"}, {"source": "0x8cdf9dbc1120", "target": "0x346ac21d93b9"}, {"source": "0x8cdf9dbc1120", "target": "0x8cdf9d4efe40"}, {"source": "0x8cdf9dbc1120", "target": "0x346ac21d93b9"}, {"source": "0x8cdf9dbc1120", "target": "0x346ac25f1b5c"}]}