{"0x346ac21d93b9": {"address": "172.20.183.162", "hostname": "950-1-REN", "vendor": "huawei"}, "0x346ac25f1b5c": {"address": "172.20.183.163", "hostname": "950-2-REN", "vendor": "huawei"}, "0x2c9d1e5d81a9": {"address": "172.20.183.164", "hostname": "380H-1-REN", "vendor": "huawei"}, "0x2c9d1e5ada05": {"address": "172.20.183.165", "hostname": "380H-2-REN", "vendor": "huawei"}, "0x8cdf9d4efe40": {"address": "172.20.183.179", "hostname": "iP-400", "vendor": "nec-ipa"}, "0x8cdf9dbc1120": {"address": "172.20.183.185", "hostname": "vr4_rel2.8", "vendor": "nec-vr"}}