{"0x346ac21d93b9": [{"local_int_index": 9, "local_intf": "1/255/3", "neighbor": "0x8cdf9d4efe40", "neighbor_intf": "Ethernet_3/2"}, {"local_int_index": 10, "local_intf": "1/255/4", "neighbor": "0x8cdf9dbc1120", "neighbor_intf": "Ethernet_0/4"}, {"local_int_index": 2, "local_intf": "3/255/1", "neighbor": "0x346ac25f1b5c", "neighbor_intf": "3/255/1"}, {"local_int_index": 3, "local_intf": "4/255/1", "neighbor": "0x346ac25f1b5c", "neighbor_intf": "4/255/1"}], "0x346ac25f1b5c": [{"local_int_index": 14, "local_intf": "1/255/3", "neighbor": "0x8cdf9d4efe40", "neighbor_intf": "Ethernet_0/2"}, {"local_int_index": 13, "local_intf": "1/255/4", "neighbor": "0x8cdf9dbc1120", "neighbor_intf": "Ethernet_0/2"}, {"local_int_index": 7, "local_intf": "3/255/1", "neighbor": "0x346ac21d93b9", "neighbor_intf": "3/255/1"}, {"local_int_index": 8, "local_intf": "4/255/1", "neighbor": "0x346ac21d93b9", "neighbor_intf": "4/255/1"}], "0x8cdf9d4efe40": [{"local_int_index": 33619968, "local_intf": "Ethernet_3/1", "neighbor": "0x8cdf9dbc1120", "neighbor_intf": "Ethernet_0/3"}, {"local_int_index": 8519680, "local_intf": "Ethernet_0/2", "neighbor": "0x346ac25f1b5c", "neighbor_intf": "1/255/3"}, {"local_int_index": 33685504, "local_intf": "Ethernet_3/2", "neighbor": "0x346ac21d93b9", "neighbor_intf": "1/255/3"}], "0x8cdf9dbc1120": [{"local_int_index": 142671872, "local_intf": "Ethernet_0/1", "neighbor": "0x346ac21d93b9", "neighbor_intf": "1/255/3"}, {"local_int_index": 142802944, "local_intf": "Ethernet_0/3", "neighbor": "0x8cdf9d4efe40", "neighbor_intf": "Ethernet_3/1"}, {"local_int_index": 142868480, "local_intf": "Ethernet_0/4", "neighbor": "0x346ac21d93b9", "neighbor_intf": "1/255/4"}, {"local_int_index": 142737408, "local_intf": "Ethernet_0/2", "neighbor": "0x346ac25f1b5c", "neighbor_intf": "1/255/4"}]}