{"0x346ac21d93b9": {"1": {"port": "4/255/1", "vlan": "11", "status": "active"}, "2": {"port": "4/255/1", "vlan": "13", "status": "active"}, "3": {"port": "4/255/1", "vlan": "2000", "status": "active"}, "4": {"port": "3/255/1", "vlan": "3000", "status": "active"}, "5": {"port": "4/255/1", "vlan": "20", "status": "active"}, "6": {"port": "5/255/1", "vlan": "22", "status": "active"}, "7": {"port": "5/255/1", "vlan": "55", "status": "active"}, "8": {"port": "5/255/1", "vlan": "555", "status": "active"}, "9": {"port": "4/255/1", "vlan": "55", "status": "active"}, "10": {"port": "4/255/1", "vlan": "511", "status": "active"}, "11": {"port": "3/255/1", "vlan": "1000", "status": "active"}, "12": {"port": "4/255/1", "vlan": "1001", "status": "active"}, "13": {"port": "4/255/1", "vlan": "798", "status": "active"}, "14": {"port": "3/255/1", "vlan": "129", "status": "active"}, "15": {"port": "3/255/1", "vlan": "626", "status": "active"}, "16": {"port": "3/255/1", "vlan": "12", "status": "active"}, "17": {"port": "3/255/1", "vlan": "888", "status": "active"}, "18": {"port": "3/255/1", "vlan": "1002", "status": "active"}, "19": {"port": "3/255/1", "vlan": "1003", "status": "active"}, "20": {"port": "3/255/1", "vlan": "5", "status": "active"}, "89": {"port": "3/255/1", "vlan": "600", "status": "active"}}, "0x346ac25f1b5c": {"1": {"port": "4/255/1", "vlan": "11", "status": "active"}, "2": {"port": "4/255/1", "vlan": "13", "status": "active"}, "3": {"port": "4/255/1", "vlan": "2000", "status": "active"}, "4": {"port": "3/255/1", "vlan": "3000", "status": "active"}, "5": {"port": "4/255/1", "vlan": "20", "status": "active"}, "6": {"port": "5/255/1", "vlan": "22", "status": "active"}, "7": {"port": "5/255/1", "vlan": "55", "status": "active"}, "8": {"port": "5/255/1", "vlan": "555", "status": "active"}, "9": {"port": "4/255/1", "vlan": "55", "status": "active"}, "10": {"port": "4/255/1", "vlan": "511", "status": "active"}, "11": {"port": "3/255/1", "vlan": "1000", "status": "active"}, "12": {"port": "4/255/1", "vlan": "1001", "status": "active"}, "13": {"port": "5/255/1", "vlan": "169", "status": "active"}, "14": {"port": "3/255/1", "vlan": "626", "status": "active"}, "15": {"port": "3/255/1", "vlan": "12", "status": "active"}, "16": {"port": "3/255/1", "vlan": "888", "status": "active"}, "17": {"port": "3/255/1", "vlan": "1002", "status": "active"}, "18": {"port": "3/255/1", "vlan": "1003", "status": "active"}, "19": {"port": "3/255/1", "vlan": "5", "status": "active"}}, "0x2c9d1e5d81a9": {}, "0x2c9d1e5ada05": {}}